"","x"
"1",32.44772375
"2",28.24496796
"3",25.09042876
"4",22.68975388
"5",20.77233828
"6",19.20615492
"7",17.90314378
"8",16.802488015
"9",15.86075602
"10",15.046074855
"11",14.333657955
"12",13.70328553
"13",13.173004215
"14",12.64895891
"15",12.227461325
"16",11.79966474
"17",11.43419676
"18",11.123498585
"19",10.796832445
"20",10.53778607
"21",10.25962223
"22",10.019661825
"23",9.79859842
"24",9.593723445
"25",9.42084739
"26",9.225042975
"27",9.058686385
"28",8.90281763
"29",8.756523355
"30",8.634511725
"31",8.48897333
"32",8.365040505
"33",8.24879246
"34",8.139095375
"35",8.04936612
"36",7.93648804
"37",7.842790415
"38",7.753659565
"39",7.668749045
"40",7.600593865
"41",7.5102977
"42",7.43521362
"43",7.364066415
"44",7.296163195
"45",7.23106303
"46",7.16863994
"47",7.10867346
"48",7.051069105
"49",6.995637905
"50",6.942285375
"51",6.890633575
"52",6.8400841
"53",6.79177077
"54",6.74528415
"55",6.700340785
"56",6.656877685
"57",6.61476887
"58",6.57395135
"59",6.53439363
"60",6.49596973
"61",6.45849068
"62",6.42151555
"63",6.385894705
"64",6.351376185
"65",6.31770803
"66",6.284921735
"67",6.252922815
"68",6.22171127
"69",6.191192615
"70",6.16136685
"71",6.1320765
"72",6.102943625
"73",6.074724105
"74",6.047134485
"75",6.020111775
"76",5.993529995
"77",5.967452135
"78",5.9418467
"79",5.916619205
"80",5.89183264
"81",5.86732953
"82",5.84288941
"83",5.818984705
"84",5.795489435
"85",5.772309115
"86",5.74941225
"87",5.726767345
"88",5.704405895
"89",5.68226491
"90",5.660375885
"91",5.638644335
"92",5.61694428
"93",5.595559175
"94",5.574394535
"95",5.55338737
"96",5.532569175
"97",5.51187696
"98",5.491310725
"99",5.47087047
"100",5.450556195
"101",5.4303679
"102",5.410179605
"103",5.390148785
"104",5.37021245
"105",5.3503706
"106",5.330560245
"107",5.310844375
"108",5.291191495
"109",5.271601605
"110",5.25204321
"111",5.232547805
"112",5.213146885
"113",5.19371447
"114",5.174345045
"115",5.15497562
"116",5.135606195
"117",5.116268265
"118",5.096930335
"119",5.0776239
"120",5.058317465
"121",5.039042525
"122",5.019893565
"123",5.00065012
"124",4.98137518
"125",4.962068745
"126",4.94276231
"127",4.923455875
"128",4.90408645
"129",4.88474852
"130",4.8653476
"131",4.84600967
"132",4.82686071
"133",4.80752278
"134",4.788090365
"135",4.768626455
"136",4.749162545
"137",4.729635645
"138",4.71007725
"139",4.69048736
"140",4.670865975
"141",4.651276085
"142",4.63196965
"143",4.612411255
"144",4.59272688
"145",4.57301101
"146",4.55323215
"147",4.533421795
"148",4.513579945
"149",4.4937066
"150",4.473770265
"151",4.45389692
"152",4.43437002
"153",4.41452817
"154",4.39456034
"155",4.37452952
"156",4.354467205
"157",4.334373395
"158",4.314216595
"159",4.2940283
"160",4.27380851
"161",4.25365171
"162",4.233715375
"163",4.21384203
"164",4.193590745
"165",4.17283554
"166",4.15299369
"167",4.132049515
"168",4.11223916
"169",4.091798905
"170",4.07072875
"171",4.050981385
"172",4.03047814
"173",4.01082526
"174",3.990385005
"175",3.969031395
"176",3.949441505
"177",3.92793042
"178",3.908372025
"179",3.887774295
"180",3.86620022
"181",3.846704815
"182",3.825792135
"183",3.806391215
"184",3.785856475
"185",3.764124925
"186",3.7447555
"187",3.72289797
"188",3.70356004
"189",3.68296231
"190",3.661136275
"191",3.64182984
"192",3.621956495
"193",3.60025644
"194",3.581138975
"195",3.55924995
"196",3.540132485
"197",3.519597745
"198",3.49764573
"199",3.47855976
"200",3.45670223
"201",3.43767925
"202",3.41796338
"203",3.396326315
"204",3.37746081
"205",3.35566627
"206",3.33683226
"207",3.316517985
"208",3.29469195
"209",3.275889435
"210",3.25425237
"211",3.235512845
"212",3.21608043
"213",3.19472682
"214",3.176176265
"215",3.15466518
"216",3.136171316
"217",3.116190888
"218",3.094730195
"219",3.076286723
"220",3.055046495
"221",3.036666013
"222",3.0176650795
"223",2.996780745
"224",2.9785986815
"225",2.9576041145
"226",2.9394755925
"227",2.919958141
"228",2.899064358
"229",2.8810145735
"230",2.860382199
"231",2.8424080025
"232",2.8239456335
"233",2.803722694
"234",2.785965813
"235",2.765664136
"236",2.747970245
"237",2.729035451
"238",2.7088880995
"239",2.6912886935
"240",2.671437395
"241",2.653926175
"242",2.6361094535
"243",2.6167085335
"244",2.5994366755
"245",2.5799853635
"246",2.5627890935
"247",2.54454404
"248",2.5252911465
"249",2.5082082585
"250",2.4892797635
"251",2.4722976595
"252",2.455217921
"253",2.43676815
"254",2.420044305
"255",2.401569338
"256",2.3849368285
"257",2.3674760005
"258",2.3492340965
"259",2.3327370155
"260",2.314838407
"261",2.298454708
"262",2.2821875405
"263",2.264786553
"264",2.24868001
"265",2.231275873
"266",2.2152732635
"267",2.1986753985
"268",2.18153267
"269",2.1656812365
"270",2.1488944015
"271",2.1331720975
"272",2.117780491
"273",2.1015007255
"274",2.0860744745
"275",2.069807307
"276",2.054494438
"277",2.038822526
"278",2.0228325145
"279",2.0076960175
"280",1.9920681985
"281",1.977073429
"282",1.9626014765
"283",1.947480727
"284",1.932791459
"285",1.917699055
"286",1.9031389165
"287",1.8884370505
"288",1.873631251
"289",1.8592663815
"290",1.844819625
"291",1.8306059315
"292",1.817085128
"293",1.8031359925
"294",1.789243548
"295",1.7753322065
"296",1.76157834
"297",1.7478748655
"298",1.734259577
"299",1.720716727
"300",1.7074478835
"301",1.694065658
"302",1.681511751
"303",1.668724781
"304",1.655673253
"305",1.6429335255
"306",1.630030024
"307",1.617337539
"308",1.604890715
"309",1.5922139775
"310",1.5801010005
"311",1.567594336
"312",1.5560073255
"313",1.544351026
"314",1.532175059
"315",1.5205754505
"316",1.508560108
"317",1.496881762
"318",1.485568758
"319",1.4737864785
"320",1.462791574
"321",1.4511856665
"322",1.4405529545
"323",1.429652535
"324",1.419051318
"325",1.4078611445
"326",1.397099303
"327",1.386422498
"328",1.375833879
"329",1.3656956385
"330",1.3549117505
"331",1.34471052
"332",1.33501006
"333",1.325076537
"334",1.3155178045
"335",1.3052441355
"336",1.295458639
"337",1.2857613285
"338",1.276145905
"339",1.2670281025
"340",1.2571701675
"341",1.2479232355
"342",1.239120383
"343",1.230125411
"344",1.2215430235
"345",1.2121890085
"346",1.203348362
"347",1.194592752
"348",1.185919029
"349",1.177755525
"350",1.1688203935
"351",1.160489966
"352",1.152540628
"353",1.144440114
"354",1.136767932
"355",1.1283241225
"356",1.1203873825
"357",1.1125325295
"358",1.104756414
"359",1.09747477
"360",1.089443545
"361",1.0819823795
"362",1.0748456125
"363",1.0675954635
"364",1.0607610485
"365",1.053199099
"366",1.046119023
"367",1.0391176845
"368",1.032191934
"369",1.0257260105
"370",1.018567197
"371",1.011928051
"372",1.005547164
"373",0.999096988
"374",0.993031051
"375",0.9863194665
"376",0.9800456625
"377",0.9738411475
"378",0.9677122205
"379",0.961989579
"380",0.955671682
"381",0.9497978645
"382",0.9441161665
"383",0.938412422
"384",0.932743322
"385",0.9274490125
"386",0.921619288
"387",0.9161612045
"388",0.91077241
"389",0.9054529045
"390",0.9004892925
"391",0.895037508
"392",0.8900014575
"393",0.884984304
"394",0.8800175425
"395",0.8753562825
"396",0.8702792885
"397",0.8655109455
"398",0.8608055925
"399",0.8561632295
"400",0.851794873
"401",0.8470737725
"402",0.842629828
"403",0.8382425745
"404",0.833918311
"405",0.8298334095
"406",0.8254556045
"407",0.821314012
"408",0.8172354095
"409",0.813213498
"410",0.809383706
"411",0.8053365985
"412",0.801428069
"413",0.7976140245
"414",0.793875568
"415",0.790310334
"416",0.7865718775
"417",0.783003494
"418",0.7794918015
"419",0.7760336505
"420",0.7726888815
"421",0.7692559265
"422",0.765826121
"423",0.7625348935
"424",0.759325553
"425",0.756226445
"426",0.7530674965
"427",0.750015631
"428",0.747017307
"429",0.744069375
"430",0.741159237
"431",0.7382774445
"432",0.7352791205
"433",0.732454019
"434",0.729720253
"435",0.727043178
"436",0.7244007475
"437",0.7218118585
"438",0.7192733615
"439",0.7167789575
"440",0.714262507
"441",0.7118720365
"442",0.7092579515
"443",0.7068454345
"444",0.704536851
"445",0.7022408655
"446",0.700051963
"447",0.6978756585
"448",0.695743447
"449",0.6936553285
"450",0.691491622
"451",0.689532633
"452",0.687252395
"453",0.6852083695
"454",0.6832745765
"455",0.6813155875
"456",0.679529821
"457",0.677715709
"458",0.6759425405
"459",0.6742103155
"460",0.672361559
"461",0.670774211
"462",0.6687931755
"463",0.667070399
"464",0.665464154
"465",0.6638106665
"466",0.662365046
"467",0.6608690335
"468",0.659410815
"469",0.6579903905
"470",0.65641879
"471",0.655152691
"472",0.653426765
"473",0.6519874435
"474",0.650667803
"475",0.6492788735
"476",0.6481261565
"477",0.6469073
"478",0.6457199385
"479",0.644564072
"480",0.6432381325
"481",0.64224604
"482",0.6407437285
"483",0.639543769
"484",0.63846664
"485",0.637313923
"486",0.636406867
"487",0.6354210735
"488",0.634466775
"489",0.633540822
"490",0.6324290485
"491",0.6316605705
"492",0.630347229
"493",0.629351987
"494",0.6284858745
"495",0.6275347255
"496",0.6268292375
"497",0.6260418625
"498",0.6252796835
"499",0.62454585
"500",0.623619897
"501",0.62303409
"502",0.621881373
"503",0.621056204
"504",0.6203601645
"505",0.6195853875
"506",0.619040524
"507",0.618416923
"508",0.6178153685
"509",0.61723901
"510",0.616470532
"511",0.6160264525
"512",0.615009164
"513",0.614322573
"514",0.613768261
"515",0.613138361
"516",0.6127194775
"517",0.612225006
"518",0.6117494315
"519",0.6112959035
"520",0.6106597045
"521",0.6103258575
"522",0.609415652
"523",0.608842443
"524",0.608395214
"525",0.6078818455
"526",0.607557447
"527",0.6071637595
"528",0.6067858195
"529",0.606429926
"530",0.6058976605
"531",0.6056394015
"532",0.604817382
"533",0.60432606
"534",0.603960718
"535",0.603538685
"536",0.6032772765
"537",0.6029560275
"538",0.602650526
"539",0.602360772
"540",0.601907244
"541",0.601699377
"542",0.6009403475
"543",0.600508866
"544",0.600200215
"545",0.599847471
"546",0.5996175575
"547",0.599343551
"548",0.599085292
"549",0.5988364815
"550",0.5984396445
"551",0.598253824
"552",0.597542037
"553",0.5971483495
"554",0.5968711935
"555",0.596559393
"556",0.5963420775
"557",0.596093267
"558",0.595853905
"559",0.5956239915
"560",0.595261799
"561",0.5950759785
"562",0.5943956865
"563",0.594014597
"564",0.5937468895
"565",0.593453986
"566",0.5932303715
"567",0.592981561
"568",0.592742199
"569",0.5925122855
"570",0.592162691
"571",0.591954824
"572",0.59128713
"573",0.5909060405
"574",0.590625735
"575",0.590335981
"576",0.5900808715
"577",0.5898163135
"578",0.5895580545
"579",0.589302945
"580",0.5889470515
"581",0.58870454
"582",0.5880336965
"583",0.5876305605
"584",0.587325059
"585",0.5870132585
"586",0.5867172055
"587",0.586418003
"588",0.5861188005
"589",0.585825897
"590",0.585447957
"591",0.5851487545
"592",0.5844684625
"593",0.584030682
"594",0.583677938
"595",0.583331493
"596",0.5829755995
"597",0.582626005
"598",0.5822764105
"599",0.5819299655
"600",0.581511082
"601",0.58114574
"602",0.580440252
"603",0.579955229
"604",0.579545794
"605",0.579148957
"606",0.5787237745
"607",0.57831119
"608",0.577895456
"609",0.577479722
"610",0.577013596
"611",0.5765695165
"612",0.5758325335
"613",0.57528767
"614",0.574808946
"615",0.574349119
"616",0.573845199
"617",0.5733570265
"618",0.572868854
"619",0.572377532
"620",0.5718452665
"621",0.5713161505
"622",0.5705413735
"623",0.5699303705
"624",0.5693760585
"625",0.568843793
"626",0.568251687
"627",0.5676816275
"628",0.567111568
"629",0.5665352095
"630",0.5659305055
"631",0.5653132035
"632",0.564491184
"633",0.563810892
"634",0.5631715435
"635",0.562557391
"636",0.561877099
"637",0.561222003
"638",0.560560608
"639",0.559892914
"640",0.5592157715
"641",0.558500835
"642",0.557637872
"643",0.5568788425
"644",0.556151308
"645",0.555420624
"646",0.5546804915
"647",0.5539372095
"648",0.553184479
"649",0.552428599
"650",0.5516632705
"651",0.5508632975
"652",0.5499499425
"653",0.549115325
"654",0.5482996045
"655",0.5474807345
"656",0.546652416
"657",0.5458177985
"658",0.544976882
"659",0.5441296665
"660",0.543276152
"661",0.5423911425
"662",0.5414336945
"663",0.540523489
"664",0.5396258815
"665",0.5387188255
"666",0.5378054705
"667",0.536882667
"668",0.535956714
"669",0.535018163
"670",0.5340764625
"671",0.533115865
"672",0.5321174735
"673",0.5311348295
"674",0.530155335
"675",0.5291695415
"676",0.5281742995
"677",0.5271727585
"678",0.526161769
"679",0.5251444805
"680",0.5241177435
"681",0.523087857
"682",0.5220516715
"683",0.5210060375
"684",0.5199541045
"685",0.5188895735
"686",0.517821893
"687",0.516744764
"688",0.515661336
"689",0.5145684595
"690",0.513469284
"691",0.5123764075
"692",0.511315026
"693",0.510212701
"694",0.509091479
"695",0.5079671075
"696",0.5068332875
"697",0.505690019
"698",0.504543601
"699",0.5033877345
"700",0.502225569
"701",0.501079151
"702",0.499995723
"703",0.498849305
"704",0.4976745415
"705",0.4964966285
"706",0.495309267
"707",0.4941156065
"708",0.492915647
"709",0.491706239
"710",0.4904936815
"711",0.48930632
"712",0.4882134435
"713",0.4870355305
"714",0.4858198235
"715",0.4845978175
"716",0.4833695125
"717",0.482138058
"718",0.480897155
"719",0.4796531025
"720",0.478402751
"721",0.477187044
"722",0.476097317
"723",0.4748973575
"724",0.473653305
"725",0.472406103
"726",0.471152602
"727",0.469892802
"728",0.4686298525
"729",0.4673637535
"730",0.466088206
"731",0.464859901
"732",0.463782772
"733",0.4625765135
"734",0.461319863
"735",0.460060063
"736",0.4587971135
"737",0.457527865
"738",0.456255467
"739",0.4549799195
"740",0.4537012225
"741",0.452476067
"742",0.4514209845
"743",0.450221025
"744",0.448967524
"745",0.4477108735
"746",0.446454223
"747",0.4451912735
"748",0.443928324
"749",0.4426590755
"750",0.441389827
"751",0.440180419
"752",0.43916628
"753",0.437988367
"754",0.436753763
"755",0.4355160095
"756",0.434278256
"757",0.433037353
"758",0.43179645
"759",0.4305523975
"760",0.429308345
"761",0.428130432
"762",0.4271635355
"763",0.4260234165
"764",0.424823457
"765",0.423620348
"766",0.4224203885
"767",0.4212172795
"768",0.4200141705
"769",0.4188110615
"770",0.4176079525
"771",0.416477282
"772",0.415570226
"773",0.4144836485
"774",0.4133309315
"775",0.4121782145
"776",0.411028647
"777",0.4098790795
"778",0.408729512
"779",0.407583094
"780",0.4064335265
"781",0.405365846
"782",0.4045312285
"783",0.403507641
"784",0.402417914
"785",0.401328187
"786",0.400244759
"787",0.399161331
"788",0.3980810525
"789",0.3970039235
"790",0.3959267945
"791",0.3949315525
"792",0.394178822
"793",0.3932308225
"794",0.3922166835
"795",0.3912088435
"796",0.3902010035
"797",0.3891994625
"798",0.388201071
"799",0.387205829
"800",0.3862137365
"801",0.385303531
"802",0.3846389865
"803",0.383779173
"804",0.3828563695
"805",0.3819367155
"806",0.3810233605
"807",0.380113155
"808",0.379206099
"809",0.378305342
"810",0.377410884
"811",0.3765951635
"812",0.3760282535
"813",0.3752660745
"814",0.374444055
"815",0.373625185
"816",0.372812614
"817",0.372006342
"818",0.371206369
"819",0.3704095455
"820",0.369619021
"821",0.368913533
"822",0.368447407
"823",0.367792311
"824",0.3670773745
"825",0.3663718865
"826",0.365669548
"827",0.364976658
"828",0.364290067
"829",0.363609775
"830",0.362935782
"831",0.3623405265
"832",0.361984633
"833",0.361442919
"834",0.3608476635
"835",0.360258707
"836",0.359679199
"837",0.35910599
"838",0.35853908
"839",0.3579816185
"840",0.3574336055
"841",0.3569611805
"842",0.35671237
"843",0.356296636
"844",0.355824211
"845",0.3553612345
"846",0.3549077065
"847",0.354463627
"848",0.3540258465
"849",0.3535975145
"850",0.353178631
"851",0.352832186
"852",0.352699907
"853",0.3524070035
"854",0.3520668575
"855",0.35173616
"856",0.351414911
"857",0.3511031105
"858",0.3508007585
"859",0.350507855
"860",0.3502244
"861",0.350010234
"862",0.3499944865
"863",0.3498307125
"864",0.349625995
"865",0.3494338755
"866",0.349248055
"867",0.3490748325
"868",0.3489110585
"869",0.3487598825
"870",0.3486150055
"871",0.348536268
"872",0.348637052
"873",0.3486087065
"874",0.3485457165
"875",0.348492175
"876",0.348448082
"877",0.348416587
"878",0.34839769
"879",0.3483882415
"880",0.3483882415
"881",0.348448082
"882",0.348668547
"883",0.34877563
"884",0.3488543675
"885",0.3489425535
"886",0.349046487
"887",0.349159869
"888",0.349285849
"889",0.3494212775
"890",0.349569304
"891",0.349770872
"892",0.3501078685
"893",0.350356679
"894",0.3505802935
"895",0.350816506
"896",0.3510653165
"897",0.351326725
"898",0.3516007315
"899",0.351887336
"900",0.352183389
"901",0.352529834
"902",0.3529865115
"903",0.3533739
"904",0.353745541
"905",0.3541329295
"906",0.3545297665
"907",0.3549392015
"908",0.355364384
"909",0.3558021645
"910",0.356252543
"911",0.356743865
"912",0.357323373
"913",0.357852489
"914",0.358375306
"915",0.358910721
"916",0.359458734
"917",0.3600224945
"918",0.360598853
"919",0.361190959
"920",0.361795663
"921",0.362431862
"922",0.3631342005
"923",0.3638081935
"924",0.3644821865
"925",0.3651687775
"926",0.365871116
"927",0.366589202
"928",0.3673230355
"929",0.368069467
"930",0.3688284965
"931",0.3696158715
"932",0.3704410405
"933",0.37126306
"934",0.3720913785
"935",0.372932295
"936",0.3737921085
"937",0.37466452
"938",0.375552679
"939",0.3764565855
"940",0.3773762395
"941",0.3783147905
"942",0.379269089
"943",0.3802359855
"944",0.3812186295
"945",0.3822201705
"946",0.3832343095
"947",0.3842673455
"948",0.385316129
"949",0.3863775105
"950",0.3874609385
"951",0.3885506655
"952",0.3896340935
"953",0.390752166
"954",0.3918954345
"955",0.3930544505
"956",0.394229214
"957",0.3954228745
"958",0.3966322825
"959",0.397857438
"960",0.3991014905
"961",0.4003486925
"962",0.4015643995
"963",0.4028367975
"964",0.4041406905
"965",0.405460331
"966",0.4067988685
"967",0.408156303
"968",0.409529485
"969",0.410921564
"970",0.4123293905
"971",0.4137340675
"972",0.4150883525
"973",0.4165182255
"974",0.417982743
"975",0.419469307
"976",0.4209716185
"977",0.4224959765
"978",0.424036082
"979",0.4255950845
"980",0.427172984
"981",0.428741435
"982",0.430234298
"983",0.431821646
"984",0.4334562365
"985",0.435109724
"986",0.436778959
"987",0.4384702405
"988",0.440180419
"989",0.441912644
"990",0.4436606165
"991",0.4453928415
"992",0.4470305815
"993",0.4487817035
"994",0.450586367
"995",0.452406778
"996",0.4542492355
"997",0.4561137395
"998",0.457993991
"999",0.4598994385
"1000",0.4618206335
"1001",0.4637229315
"1002",0.465508698
"1003",0.4674267435
"1004",0.46940148
"1005",0.4713951135
"1006",0.4734107935
"1007",0.47544852
"1008",0.4775051435
"1009",0.4795838135
"1010",0.4816813805
"1011",0.4837537515
"1012",0.4856938435
"1013",0.4877788125
"1014",0.4899267715
"1015",0.492096777
"1016",0.494288829
"1017",0.496499778
"1018",0.4987327735
"1019",0.5009878155
"1020",0.503264904
"1021",0.505507348
"1022",0.507604915
"1023",0.509859957
"1024",0.512184288
"1025",0.5145306655
"1026",0.5168990895
"1027",0.5192864105
"1028",0.5216989275
"1029",0.5241303415
"1030",0.526583802
"1031",0.529002618
"1032",0.5312608095
"1033",0.5336859245
"1034",0.5361866275
"1035",0.538709377
"1036",0.541254173
"1037",0.543817866
"1038",0.546406755
"1039",0.5490176905
"1040",0.551647523
"1041",0.5542395615
"1042",0.556661527
"1043",0.5592598645
"1044",0.5619369395
"1045",0.5646329115
"1046",0.5673540795
"1047",0.5700941445
"1048",0.572856256
"1049",0.5756435635
"1050",0.578449768
"1051",0.581215029
"1052",0.583797619
"1053",0.586569179
"1054",0.5894194765
"1055",0.592288671
"1056",0.5951830615
"1057",0.598096349
"1058",0.601031683
"1059",0.6039890635
"1060",0.60697164
"1061",0.6099038245
"1062",0.6126501885
"1063",0.615588672
"1064",0.618605893
"1065",0.6216451605
"1066",0.6247064745
"1067",0.627789835
"1068",0.630895242
"1069",0.634019546
"1070",0.637169046
"1071",0.640268154
"1072",0.643171993
"1073",0.646271101
"1074",0.649452096
"1075",0.6526551375
"1076",0.6558802255
"1077",0.6591242105
"1078",0.662390242
"1079",0.6656751705
"1080",0.6689821455
"1081",0.6722387285
"1082",0.675296893
"1083",0.678553476
"1084",0.6818887965
"1085",0.6852461635
"1086",0.688625577
"1087",0.692020738
"1088",0.6954379455
"1089",0.69887405
"1090",0.702332201
"1091",0.7057368105
"1092",0.708939852
"1093",0.712341312
"1094",0.715824659
"1095",0.7193237535
"1096",0.7228448945
"1097",0.726381783
"1098",0.7299375685
"1099",0.7335154005
"1100",0.73710898
"1101",0.740649018
"1102",0.7439906375
"1103",0.7475243765
"1104",0.7511400025
"1105",0.754771376
"1106",0.758418497
"1107",0.762084515
"1108",0.7657662805
"1109",0.7694637935
"1110",0.7731802035
"1111",0.7768462215
"1112",0.7803106715
"1113",0.7839640915
"1114",0.7876930995
"1115",0.791437855
"1116",0.795198358
"1117",0.7989746085
"1118",0.8027666065
"1119",0.8065712025
"1120",0.8103946955
"1121",0.814164647
"1122",0.81773618
"1123",0.8214935335
"1124",0.825320176
"1125",0.829162566
"1126",0.833017554
"1127",0.83688514
"1128",0.840765324
"1129",0.8446612555
"1130",0.848569785
"1131",0.852424773
"1132",0.8560876415
"1133",0.859926882
"1134",0.8638354115
"1135",0.86775024
"1136",0.871680816
"1137",0.8756208405
"1138",0.8795703135
"1139",0.883529235
"1140",0.887503904
"1141",0.891421882
"1142",0.8951603385
"1143",0.8990594195
"1144",0.90302464
"1145",0.9069961595
"1146",0.9109771275
"1147",0.9149643945
"1148",0.91896111
"1149",0.922967274
"1150",0.926979737
"1151",0.930941808
"1152",0.9347306565
"1153",0.938670681
"1154",0.9426673965
"1155",0.946670411
"1156",0.950676575
"1157",0.9546921875
"1158",0.9587109495
"1159",0.9627360105
"1160",0.9667673705
"1161",0.9707483385
"1162",0.9745655325
"1163",0.9785213045
"1164",0.9825274685
"1165",0.986536782
"1166",0.990549245
"1167",0.9945648575
"1168",0.9985836195
"1169",1.0026023815
"1170",1.0066274425
"1171",1.0106021115
"1172",1.014428754
"1173",1.0183750775
"1174",1.022365494
"1175",1.0263559105
"1176",1.0303494765
"1177",1.034339893
"1178",1.038333459
"1179",1.0423238755
"1180",1.0463174415
"1181",1.050263765
"1182",1.0540715105
"1183",1.057986339
"1184",1.061935812
"1185",1.065885285
"1186",1.069834758
"1187",1.073777932
"1188",1.077721106
"1189",1.081657981
"1190",1.085594856
"1191",1.089487638
"1192",1.09325444
"1193",1.097115727
"1194",1.1010053595
"1195",1.104888693
"1196",1.108768877
"1197",1.112642762
"1198",1.116510348
"1199",1.1203747845
"1200",1.1242297725
"1201",1.128050116
"1202",1.131753928
"1203",1.1355364775
"1204",1.1393410735
"1205",1.1431393705
"1206",1.146928219
"1207",1.1507107685
"1208",1.1544838695
"1209",1.1582506715
"1210",1.162008025
"1211",1.1657275845
"1212",1.169352659
"1213",1.1730344245
"1214",1.176735087
"1215",1.1804231515
"1216",1.184104917
"1217",1.1877740845
"1218",1.1914338035
"1219",1.195084074
"1220",1.1987217465
"1221",1.202327924
"1222",1.205849065
"1223",1.2094174485
"1224",1.212992131
"1225",1.216557365
"1226",1.220110001
"1227",1.223650039
"1228",1.227177479
"1229",1.230692321
"1230",1.2341977145
"1231",1.2376684635
"1232",1.2410762225
"1233",1.2445091775
"1234",1.247945282
"1235",1.2513687885
"1236",1.254779697
"1237",1.258174858
"1238",1.261557421
"1239",1.2649242365
"1240",1.2682753045
"1241",1.271604326
"1242",1.2748766565
"1243",1.2781647345
"1244",1.281449663
"1245",1.284718844
"1246",1.2879722775
"1247",1.2912099635
"1248",1.2944350515
"1249",1.2976412425
"1250",1.300831686
"1251",1.304000083
"1252",1.307130686
"1253",1.310261289
"1254",1.3133824435
"1255",1.3164878505
"1256",1.31957751
"1257",1.3226482725
"1258",1.3257032875
"1259",1.328742555
"1260",1.3317629255
"1261",1.334764399
"1262",1.3377406765
"1263",1.3407075055
"1264",1.3436554375
"1265",1.3465907715
"1266",1.349504059
"1267",1.3524047485
"1268",1.3552833915
"1269",1.358146287
"1270",1.3609902855
"1271",1.3638185365
"1272",1.366637339
"1273",1.3694309455
"1274",1.372205655
"1275",1.3749614675
"1276",1.377698383
"1277",1.380419551
"1278",1.3831186725
"1279",1.3858020465
"1280",1.3884665235
"1281",1.3911184025
"1282",1.3937702815
"1283",1.3963906655
"1284",1.3989858535
"1285",1.4015621445
"1286",1.4041195385
"1287",1.406661185
"1288",1.409180785
"1289",1.4116846375
"1290",1.4141664435
"1291",1.416638801
"1292",1.4191237565
"1293",1.4215677685
"1294",1.423983435
"1295",1.4263802045
"1296",1.428758077
"1297",1.4311170525
"1298",1.433457131
"1299",1.435781462
"1300",1.4380837465
"1301",1.440379732
"1302",1.4426946145
"1303",1.4449622545
"1304",1.4471983995
"1305",1.449418797
"1306",1.4516202975
"1307",1.4537997515
"1308",1.455963458
"1309",1.458105118
"1310",1.4602310305
"1311",1.462350644
"1312",1.4645017525
"1313",1.46659617
"1314",1.468655943
"1315",1.4706999685
"1316",1.472725097
"1317",1.474734478
"1318",1.4767218125
"1319",1.47869025
"1320",1.48064294
"1321",1.482589331
"1322",1.484573516
"1323",1.4864978605
"1324",1.48839071
"1325",1.4902646625
"1326",1.492119718
"1327",1.4939558765
"1328",1.4957762875
"1329",1.497574652
"1330",1.499357269
"1331",1.501139886
"1332",1.5029634465
"1333",1.504724017
"1334",1.506449943
"1335",1.508156972
"1336",1.5098482535
"1337",1.511520638
"1338",1.513177275
"1339",1.514815015
"1340",1.516433858
"1341",1.5180558505
"1342",1.519721936
"1343",1.521321882
"1344",1.522890333
"1345",1.524439887
"1346",1.5259736935
"1347",1.527488603
"1348",1.528987765
"1349",1.53046803
"1350",1.5319325475
"1351",1.5334002145
"1352",1.5349119745
"1353",1.5363607445
"1354",1.53777487
"1355",1.539173248
"1356",1.5405558785
"1357",1.541919612
"1358",1.543267598
"1359",1.5445998365
"1360",1.5459163275
"1361",1.547235968
"1362",1.548602851
"1363",1.549906744
"1364",1.551172843
"1365",1.552426344
"1366",1.5536640975
"1367",1.5548861035
"1368",1.556092362
"1369",1.557282873
"1370",1.5584576365
"1371",1.5596355495
"1372",1.560860705
"1373",1.5620228705
"1374",1.563153541
"1375",1.564268464
"1376",1.5653676395
"1377",1.566454217
"1378",1.567525047
"1379",1.5685801295
"1380",1.5696194645
"1381",1.5706650985
"1382",1.5717548255
"1383",1.572784712
"1384",1.5737831035
"1385",1.5747657475
"1386",1.5757357935
"1387",1.5766932415
"1388",1.5776317925
"1389",1.578560895
"1390",1.5794711005
"1391",1.5803907545
"1392",1.581351352
"1393",1.582252109
"1394",1.5831245205
"1395",1.583984334
"1396",1.5848315495
"1397",1.5856630175
"1398",1.5864818875
"1399",1.5872881595
"1400",1.588078684
"1401",1.588872358
"1402",1.589710125
"1403",1.590491201
"1404",1.5912439315
"1405",1.591984064
"1406",1.5927115985
"1407",1.593426535
"1408",1.5941288735
"1409",1.594818614
"1410",1.5954957565
"1411",1.596172899
"1412",1.596890985
"1413",1.5975555295
"1414",1.598194878
"1415",1.5988216285
"1416",1.599435781
"1417",1.600040485
"1418",1.6006294415
"1419",1.6012089495
"1420",1.6017758595
"1421",1.6023427695
"1422",1.6029411745
"1423",1.6034954865
"1424",1.604027752
"1425",1.60454427
"1426",1.6050513395
"1427",1.6055489605
"1428",1.606030834
"1429",1.606503259
"1430",1.606963086
"1431",1.6074260625
"1432",1.607914235
"1433",1.6083583145
"1434",1.6087866465
"1435",1.609199231
"1436",1.609602367
"1437",1.609992905
"1438",1.6103739945
"1439",1.6107456355
"1440",1.611101529
"1441",1.611460572
"1442",1.611838512
"1443",1.6121818075
"1444",1.612506206
"1445",1.612821156
"1446",1.6131203585
"1447",1.613413262
"1448",1.6136935675
"1449",1.6139644245
"1450",1.6142226835
"1451",1.6144809425
"1452",1.614754949
"1453",1.6149974605
"1454",1.615221075
"1455",1.615435241
"1456",1.6156399585
"1457",1.6158352275
"1458",1.6160178985
"1459",1.616191121
"1460",1.616354895
"1461",1.61651237
"1462",1.616682443
"1463",1.61682732
"1464",1.6169533
"1465",1.617072981
"1466",1.617180064
"1467",1.6172776985
"1468",1.6173658845
"1469",1.617444622
"1470",1.617513911
"1471",1.617576901
"1472",1.6176430405
"1473",1.617690283
"1474",1.6177249275
"1475",1.617746974
"1476",1.617759572
"1477",1.6177627215
"1478",1.6177564225
"1479",1.617740675
"1480",1.617715479
"1481",1.617683984
"1482",1.617652489
"1483",1.617602097
"1484",1.6175422565
"1485",1.617469818
"1486",1.6173910805
"1487",1.617299745
"1488",1.6172021105
"1489",1.617091878
"1490",1.616972197
"1491",1.616846217
"1492",1.6167170875
"1493",1.6165722105
"1494",1.616417885
"1495",1.616254111
"1496",1.6160808885
"1497",1.6158982175
"1498",1.615706098
"1499",1.61550453
"1500",1.615290364
"1501",1.6150730485
"1502",1.6148462845
"1503",1.6146069225
"1504",1.614358112
"1505",1.6141030025
"1506",1.613835295
"1507",1.613558139
"1508",1.613274684
"1509",1.612978631
"1510",1.612676279
"1511",1.612361329
"1512",1.61204008
"1513",1.6117093825
"1514",1.611366087
"1515",1.6110164925
"1516",1.6106574495
"1517",1.610288958
"1518",1.609911018
"1519",1.6095236295
"1520",1.6091267925
"1521",1.608720507
"1522",1.608304773
"1523",1.6078795905
"1524",1.6074449595
"1525",1.6070040295
"1526",1.6065505015
"1527",1.6060906745
"1528",1.6056182495
"1529",1.6051395255
"1530",1.604651353
"1531",1.6041505825
"1532",1.6036403635
"1533",1.6031238455
"1534",1.602597879
"1535",1.602062464
"1536",1.6015176005
"1537",1.6009632885
"1538",1.6004026775
"1539",1.5998294685
"1540",1.5992499605
"1541",1.5986578545
"1542",1.5980563
"1543",1.5974484465
"1544",1.596827995
"1545",1.5962012445
"1546",1.5955650455
"1547",1.594919398
"1548",1.594264302
"1549",1.593602907
"1550",1.592928914
"1551",1.592248622
"1552",1.591555732
"1553",1.590856543
"1554",1.5901479055
"1555",1.5894298195
"1556",1.588702285
"1557",1.587965302
"1558",1.5872188705
"1559",1.58646614
"1560",1.585703961
"1561",1.5849323335
"1562",1.5841512575
"1563",1.5833638825
"1564",1.5825639095
"1565",1.5817576375
"1566",1.5809387675
"1567",1.5801135985
"1568",1.579278981
"1569",1.5784380645
"1570",1.57758455
"1571",1.5767247365
"1572",1.5758617735
"1573",1.5749862125
"1574",1.5740980535
"1575",1.5732035955
"1576",1.572299689
"1577",1.571386334
"1578",1.57046668
"1579",1.569534428
"1580",1.568595877
"1581",1.567651027
"1582",1.566706177
"1583",1.565748729
"1584",1.5647755335
"1585",1.563796039
"1586",1.562807096
"1587",1.561811854
"1588",1.560804014
"1589",1.559789875
"1590",1.5587662875
"1591",1.5577395505
"1592",1.5567191125
"1593",1.5556797775
"1594",1.5546278445
"1595",1.553566463
"1596",1.552495633
"1597",1.551418504
"1598",1.5503319265
"1599",1.5492359005
"1600",1.5481335755
"1601",1.547028101
"1602",1.545938374
"1603",1.544823451
"1604",1.5436927805
"1605",1.542555811
"1606",1.541409393
"1607",1.5402535265
"1608",1.539091361
"1609",1.5379228965
"1610",1.536741834
"1611",1.5355670705
"1612",1.534411204
"1613",1.5332238425
"1614",1.5320207335
"1615",1.5308113255
"1616",1.5295956185
"1617",1.528370463
"1618",1.527135859
"1619",1.5258981055
"1620",1.524647754
"1621",1.523406851
"1622",1.522191144
"1623",1.5209407925
"1624",1.519671544
"1625",1.518399146
"1626",1.5171172995
"1627",1.5158260045
"1628",1.51453156
"1629",1.513227667
"1630",1.511917475
"1631",1.510613582
"1632",1.509347483
"1633",1.5080404405
"1634",1.506714501
"1635",1.5053822625
"1636",1.5040405755
"1637",1.502695739
"1638",1.501341454
"1639",1.4999840195
"1640",1.4986171365
"1641",1.4972628515
"1642",1.4959526595
"1643",1.4945983745
"1644",1.493222043
"1645",1.4918394125
"1646",1.490450483
"1647",1.4890552545
"1648",1.487653727
"1649",1.48624905
"1650",1.4848349245
"1651",1.4834365465
"1652",1.4820948595
"1653",1.480699631
"1654",1.479282356
"1655",1.477858782
"1656",1.476428909
"1657",1.4749958865
"1658",1.473556565
"1659",1.472114094
"1660",1.4706621745
"1661",1.4692323015
"1662",1.4678654185
"1663",1.466438695
"1664",1.464989925
"1665",1.463534856
"1666",1.4620766375
"1667",1.4606152695
"1668",1.4591476025
"1669",1.4576736365
"1670",1.456196521
"1671",1.454741452
"1672",1.453361971
"1673",1.4519163505
"1674",1.450445534
"1675",1.448971568
"1676",1.4474944525
"1677",1.4460141875
"1678",1.4445276235
"1679",1.4430410595
"1680",1.4415481965
"1681",1.4400805295
"1682",1.438697899
"1683",1.43724283
"1684",1.435762565
"1685",1.4342791505
"1686",1.432795736
"1687",1.4313060225
"1688",1.429816309
"1689",1.4283202965
"1690",1.426824284
"1691",1.425356617
"1692",1.423983435
"1693",1.4225315155
"1694",1.4210544
"1695",1.419574135
"1696",1.4180907205
"1697",1.416607306
"1698",1.4151238915
"1699",1.4136373275
"1700",1.4121507635
"1701",1.410692545
"1702",1.40933826
"1703",1.407902088
"1704",1.4064375705
"1705",1.404973053
"1706",1.4035085355
"1707",1.4020408685
"1708",1.4005732015
"1709",1.399108684
"1710",1.397641017
"1711",1.3962079945
"1712",1.394882055
"1713",1.3934742285
"1714",1.3920380565
"1715",1.390598735
"1716",1.389162563
"1717",1.387726391
"1718",1.3862933685
"1719",1.3848571965
"1720",1.383424174
"1721",1.382025796
"1722",1.3807439495
"1723",1.3793770665
"1724",1.3779786885
"1725",1.3765803105
"1726",1.375185082
"1727",1.373793003
"1728",1.372400924
"1729",1.3710119945
"1730",1.369623065
"1731",1.368275079
"1732",1.367046774
"1733",1.365730283
"1734",1.364382297
"1735",1.36304061
"1736",1.361698923
"1737",1.3603603855
"1738",1.3590249975
"1739",1.357692759
"1740",1.35636367
"1741",1.355078674
"1742",1.353913359
"1743",1.3526630075
"1744",1.3513780115
"1745",1.3500993145
"1746",1.3488269165
"1747",1.347557668
"1748",1.346291569
"1749",1.3450286195
"1750",1.343771969
"1751",1.342556262
"1752",1.3414696845
"1753",1.3402917715
"1754",1.339085513
"1755",1.3378855535
"1756",1.3366887435
"1757",1.3354982325
"1758",1.3343140205
"1759",1.333132958
"1760",1.3319581945
"1761",1.3308306735
"1762",1.3298291325
"1763",1.328736256
"1764",1.3276181835
"1765",1.32650641
"1766",1.3254009355
"1767",1.32430176
"1768",1.3232088835
"1769",1.3221254555
"1770",1.321045177
"1771",1.320012141
"1772",1.319105085
"1773",1.318109843
"1774",1.3170925545
"1775",1.316081565
"1776",1.3150768745
"1777",1.314078483
"1778",1.31308954
"1779",1.3121100455
"1780",1.31113685
"1781",1.3102077475
"1782",1.309404625
"1783",1.3085196155
"1784",1.30760941
"1785",1.306708653
"1786",1.3058173445
"1787",1.304932335
"1788",1.304056774
"1789",1.3031906615
"1790",1.3023339975
"1791",1.3015214265
"1792",1.3008285365
"1793",1.3000600585
"1794",1.299269534
"1795",1.298488458
"1796",1.2977168305
"1797",1.2969546515
"1798",1.296201921
"1799",1.2954617885
"1800",1.294727955
"1801",1.2940382145
"1802",1.293468155
"1803",1.2928225075
"1804",1.2921611125
"1805",1.2915060165
"1806",1.290866668
"1807",1.2902336185
"1808",1.289613167
"1809",1.289002164
"1810",1.288403759
"1811",1.2878462975
"1812",1.287402218
"1813",1.2868888495
"1814",1.2863597335
"1815",1.2858432155
"1816",1.2853392955
"1817",1.284844824
"1818",1.2843629505
"1819",1.283893675
"1820",1.283433848
"1821",1.2830149645
"1822",1.2827000145
"1823",1.282325224
"1824",1.2819378355
"1825",1.281563045
"1826",1.281204002
"1827",1.2808544075
"1828",1.280517411
"1829",1.2801930125
"1830",1.279881212
"1831",1.2796072055
"1832",1.2794245345
"1833",1.2791914715
"1834",1.2789521095
"1835",1.2787253455
"1836",1.278514329
"1837",1.278312761
"1838",1.2781269405
"1839",1.277953718
"1840",1.2777930935
"1841",1.2776671135
"1842",1.277619871
"1843",1.277537984
"1844",1.277449798
"1845",1.27737421
"1846",1.2773143695
"1847",1.277267127
"1848",1.2772324825
"1849",1.2772135855
"1850",1.2772072865
"1851",1.2772324825
"1852",1.2773269675
"1853",1.277393107
"1854",1.2774592465
"1855",1.2775411335
"1856",1.277632469
"1857",1.2777427015
"1858",1.277865532
"1859",1.27800411
"1860",1.278155286
"1861",1.2783348075
"1862",1.2785678705
"1863",1.278785186
"1864",1.279005651
"1865",1.2792418635
"1866",1.2794938235
"1867",1.2797583815
"1868",1.280038687
"1869",1.28033474
"1870",1.2806465405
"1871",1.2809803875
"1872",1.2813520285
"1873",1.28172052
"1874",1.28209846
"1875",1.2824921475
"1876",1.282898433
"1877",1.283320466
"1878",1.2837582465
"1879",1.2842117745
"1880",1.28468105
"1881",1.285166073
"1882",1.2856794415
"1883",1.286199109
"1884",1.2867313745
"1885",1.2872793875
"1886",1.2878399985
"1887",1.2884195065
"1888",1.289014762
"1889",1.2896226155
"1890",1.2902462165
"1891",1.290885565
"1892",1.291534362
"1893",1.292202056
"1894",1.2928854975
"1895",1.2935846865
"1896",1.2943027725
"1897",1.2950334565
"1898",1.295779888
"1899",1.296542067
"1900",1.2973199935
"1901",1.2981073685
"1902",1.298885295
"1903",1.299697866
"1904",1.3005324835
"1905",1.301379699
"1906",1.3022458115
"1907",1.303124522
"1908",1.3040221295
"1909",1.304932335
"1910",1.305858288
"1911",1.3067873905
"1912",1.3076944465
"1913",1.3086455955
"1914",1.30962509
"1915",1.3106171825
"1916",1.3116250225
"1917",1.31264861
"1918",1.313687945
"1919",1.3147430275
"1920",1.315810708
"1921",1.3168783885
"1922",1.3179051255
"1923",1.318991703
"1924",1.320106626
"1925",1.3212372965
"1926",1.3223837145
"1927",1.3235427305
"1928",1.324717494
"1929",1.325908005
"1930",1.3271142635
"1931",1.3283110735
"1932",1.3294511925
"1933",1.33066375
"1934",1.3319078025
"1935",1.3331676025
"1936",1.33444315
"1937",1.3357312955
"1938",1.3370351885
"1939",1.3383516795
"1940",1.339683918
"1941",1.3410035585
"1942",1.3422507605
"1943",1.3435798495
"1944",1.3449467325
"1945",1.3463262135
"1946",1.347721442
"1947",1.349126119
"1948",1.350549693
"1949",1.3519827155
"1950",1.353434635
"1951",1.354864508
"1952",1.3562093445
"1953",1.3576455165
"1954",1.359122632
"1955",1.3606123455
"1956",1.362114657
"1957",1.3636295665
"1958",1.3651602235
"1959",1.366700329
"1960",1.368256182
"1961",1.3697899885
"1962",1.3712198615
"1963",1.372753668
"1964",1.374328418
"1965",1.375915766
"1966",1.377515712
"1967",1.379128256
"1968",1.380753398
"1969",1.3823879885
"1970",1.3840383265
"1971",1.3856571695
"1972",1.38716578
"1973",1.388784623
"1974",1.3904444095
"1975",1.3921199435
"1976",1.3938017765
"1977",1.395499357
"1978",1.3972032365
"1979",1.398919714
"1980",1.4006487895
"1981",1.40234637
"1982",1.4039179705
"1983",1.4056061025
"1984",1.407341477
"1985",1.4090863
"1986",1.4108405715
"1987",1.4126042915
"1988",1.41437746
"1989",1.416160077
"1990",1.417955292
"1991",1.419712713
"1992",1.421337855
"1993",1.423082678
"1994",1.4248747435
"1995",1.4266762575
"1996",1.4284840705
"1997",1.430301332
"1998",1.432128042
"1999",1.4339642005
"2000",1.435806658
"2001",1.4376113215
"2002",1.4392742575
"2003",1.441060024
"2004",1.4428961825
"2005",1.44473864
"2006",1.4465873965
"2007",1.448442452
"2008",1.450306956
"2009",1.4521746095
"2010",1.454054861
"2011",1.45588787
"2012",1.457576002
"2013",1.4593869645
"2014",1.461248319
"2015",1.4631159725
"2016",1.4649867755
"2017",1.4668638775
"2018",1.4687472785
"2019",1.4706369785
"2020",1.472529828
"2021",1.474381734
"2022",1.476076165
"2023",1.4778997255
"2024",1.4797705285
"2025",1.481644481
"2026",1.4835247325
"2027",1.485404984
"2028",1.4872915345
"2029",1.4891812345
"2030",1.4910772335
"2031",1.4929228405
"2032",1.4946172715
"2033",1.496434533
"2034",1.4982958875
"2035",1.500163541
"2036",1.5020311945
"2037",1.5039019975
"2038",1.5057728005
"2039",1.507646753
"2040",1.509523855
"2041",1.5113537145
"2042",1.513026099
"2043",1.514821314
"2044",1.516660622
"2045",1.51849993
"2046",1.520339238
"2047",1.5221816955
"2048",1.5240210035
"2049",1.525863461
"2050",1.5277059185
"2051",1.529497984
"2052",1.5311388735
"2053",1.5328962945
"2054",1.534694659
"2055",1.5364930235
"2056",1.5382882385
"2057",1.5400834535
"2058",1.5418786685
"2059",1.543670734
"2060",1.54545965
"2061",1.5472013235
"2062",1.5487949705
"2063",1.55049885
"2064",1.5522405235
"2065",1.5539790475
"2066",1.5557175715
"2067",1.5574497965
"2068",1.559178872
"2069",1.560904798
"2070",1.562630724
"2071",1.564306258
"2072",1.565836915
"2073",1.567474655
"2074",1.56914389
"2075",1.5708099755
"2076",1.572469762
"2077",1.574126399
"2078",1.575776737
"2079",1.5774239255
"2080",1.579064815
"2081",1.580658462
"2082",1.58211983
"2083",1.5836725335
"2084",1.585256732
"2085",1.5868346315
"2086",1.588406232
"2087",1.5899715335
"2088",1.591530536
"2089",1.5930832395
"2090",1.5946264945
"2091",1.596128806
"2092",1.5975051375
"2093",1.5989665055
"2094",1.6004530695
"2095",1.601930185
"2096",1.603397852
"2097",1.60485922
"2098",1.606314289
"2099",1.6077599095
"2100",1.6091960815
"2101",1.6105944595
"2102",1.6118794555
"2103",1.6132337405
"2104",1.614610072
"2105",1.615976955
"2106",1.61733124
"2107",1.618679226
"2108",1.6200177635
"2109",1.6213468525
"2110",1.622666493
"2111",1.6239483395
"2112",1.625135701
"2113",1.626376604
"2114",1.6276332545
"2115",1.6288804565
"2116",1.6301150605
"2117",1.631340216
"2118",1.6325527735
"2119",1.633759032
"2120",1.6349526925
"2121",1.6361117085
"2122",1.637191987
"2123",1.6383163585
"2124",1.639447029
"2125",1.6405651015
"2126",1.6416737255
"2127",1.6427697515
"2128",1.6438531795
"2129",1.644927159
"2130",1.6459885405
"2131",1.647024726
"2132",1.647994772
"2133",1.6489931635
"2134",1.6499947045
"2135",1.6509836475
"2136",1.6519599925
"2137",1.6529237395
"2138",1.6538748885
"2139",1.6548134395
"2140",1.6557393925
"2141",1.6566464485
"2142",1.6575094115
"2143",1.658381823
"2144",1.659251085
"2145",1.6601045995
"2146",1.6609486655
"2147",1.6617801335
"2148",1.6625990035
"2149",1.663402126
"2150",1.6641958
"2151",1.664970577
"2152",1.665726457
"2153",1.666476038
"2154",1.667213021
"2155",1.667937406
"2156",1.668649193
"2157",1.669348382
"2158",1.670034973
"2159",1.670708966
"2160",1.671370361
"2161",1.672019158
"2162",1.6726711045
"2163",1.6733010045
"2164",1.6739120075
"2165",1.6745104125
"2166",1.6750962195
"2167",1.6756694285
"2168",1.6762300395
"2169",1.676774903
"2170",1.6773071685
"2171",1.677839434
"2172",1.6783968955
"2173",1.678910264
"2174",1.6794047355
"2175",1.6798834595
"2176",1.6803495855
"2177",1.6808031135
"2178",1.6812440435
"2179",1.681675525
"2180",1.682091259
"2181",1.682513292
"2182",1.6829825675
"2183",1.683395152
"2184",1.6837762415
"2185",1.6841478825
"2186",1.6845069255
"2187",1.6848533705
"2188",1.6851872175
"2189",1.6855084665
"2190",1.685820267
"2191",1.6861446655
"2192",1.6865415025
"2193",1.6868627515
"2194",1.687149356
"2195",1.687426512
"2196",1.6876879205
"2197",1.68794303
"2198",1.6881855415
"2199",1.688415455
"2200",1.6886327705
"2201",1.688875282
"2202",1.689215428
"2203",1.6894642385
"2204",1.689668956
"2205",1.6898673745
"2206",1.690053195
"2207",1.690229567
"2208",1.6903964905
"2209",1.6905539655
"2210",1.6906988425
"2211",1.690878364
"2212",1.691180716
"2213",1.6913728355
"2214",1.6915177125
"2215",1.6916562905
"2216",1.69178542
"2217",1.691905101
"2218",1.6920153335
"2219",1.692119267
"2220",1.692213752
"2221",1.6923491805
"2222",1.6926326355
"2223",1.6927901105
"2224",1.6928971935
"2225",1.6929979775
"2226",1.6930924625
"2227",1.6931806485
"2228",1.693259386
"2229",1.6933318245
"2230",1.693397964
"2231",1.693517645
"2232",1.693807399
"2233",1.6939554255
"2234",1.694046761
"2235",1.694134947
"2236",1.6942199835
"2237",1.694298721
"2238",1.694374309
"2239",1.694443598
"2240",1.6945097375
"2241",1.694632568
"2242",1.6949569665
"2243",1.6951207405
"2244",1.6952278235
"2245",1.695331757
"2246",1.6954356905
"2247",1.695533325
"2248",1.6956309595
"2249",1.6957254445
"2250",1.6958199295
"2251",1.6958955175
